First Name;Last Name;Company Name;Role In Company;Address;E-Mail;Phone Number
"Harrison";"Morris";"AT&T";"IT Manager";"9584 highfield road";"hmorris@at&t.auction";"38556566340";
"Grace";"Dunn";"Hyatt";"Maid & Housekeeper";"3685 park lane";"gdunn@hyatt.joburg";"93377632689";
"Francesca";"Dixon";"Goldman Sachs";"Patrol Officer";"5213 new street";"fdixon@goldmansachs.horse";"82957349782";
"Finley";"Anderson";"David Weekley Homes";"Carpenter";"1997 grange road";"fanderson@davidweekleyhomes.college";"78560712453";
"Gracie";"Dawson";"Acuity";"Substance Abuse Counselor";"9338 church road";"gdawson@acuity.ist";"83131629289";
"Henry";"Dean";"Delta Air Lines";"Marketing Manager";"9805 main street";"hdean@deltaairlines.soy";"80492789288";
"Chloe";"Evans";"The Boston Consulting Group";"Massage Therapist";"7064 church street";"cevans@thebostonconsultinggroup.lol";"78822447899";
"Poppy";"Howard";"Kimpton Hotels & Restaurants";"Physical Therapist";"8142 west street";"phoward@kimptonhotels&restaurants.bayern";"38156293123";
"Phoebe";"O'connor";"Hilcorp";"Dental Assistant";"5952 chester road";"po\'connor@hilcorp.house";"59224385656";
"Sebastian";"Gregory";"Plante & Moran";"Diagnostic Medical Sonographer";"3424 the crescent";"sgregory@plante&moran.reisen";"27038730378";
"Julia";"Singh";"Google";"Occupational Therapist";"8477 mill road";"jsingh@google.foundation";"93838800853";
"Brooke";"Robinson";"Activision Blizzard";"Mental Health Counselor";"9373 queensway";"brobinson@activisionblizzard.casa";"63127041305";
"Kai";"Harvey";"Deloitte";"Hairdresser";"4962 the drive";"kharvey@deloitte.soccer";"11648081024";
"George";"Atkinson";"Timepath Inc.";"Auto Mechanic";"1378 alexander road";"gatkinson@timepathinc.tools";"49166886187";
"Muhammad";"Jenkins";"CHG Healthcare Services";"Compliance Officer";"7242 richmond road";"mjenkins@chghealthcareservices.luxury";"87104227393";
"Ethan";"Butler";"NuStar Energy";"Marriage & Family Therapist";"8239 queen street";"ebutler@nustarenergy.cool";"18354616598";
"Rory";"Hayes";"TEKsystems";"Fabricator";"2918 broadway";"rhayes@teksystems.de";"44152371208";
"Millie";"Carr";"Intuit";"Loan Officer";"6267 mill road";"mcarr@intuit.community";"35458147721";
"Eliza";"Lawrence";"TechDev";"Mental Health Counselor";"6665 albert road";"elawrence@techdev.solar";"54779145568";
"Kai";"Edwards";"The Cheesecake Factory";"Medical Engineer";"5396 north road";"kedwards@thecheesecakefactory.sale";"47614854313";
